radius_cm,jrad_re_N0,jrad_im_N0,jrad_re_N1,jrad_im_N1,jrad_re_N2,jrad_im_N2,jrad_re_N3,jrad_im_N3,jrad_re_N4,jrad_im_N4,jrad_re_N5,jrad_im_N5,jrad_re_N6,jrad_im_N6
  3.3306105685759704E+01, -2.0865686579248644E+06,  1.4276930413426980E+06,  1.5764542461573929E+06,  1.6098605264537036E+05,  1.7515903514325656E+06,  4.2251409692268819E+04,  1.7633086623297073E+06,  3.4088131833717227E+04,  1.7639132176217996E+06,  3.3673609080173075E+04,  1.7639373707205281E+06,  3.3657319596581161E+04,  1.7639381752960831E+06,  3.3656781882971525E+04
  3.3415289883079716E+01, -7.3430237682494484E+06,  1.1023628415289670E+07, -3.8415674031297620E+06,  9.8417905788953677E+06, -3.6818426446204167E+06,  9.7315286396742053E+06, -3.6711142685178444E+06,  9.7239128762326948E+06, -3.6705572007020973E+06,  9.7235247393971756E+06, -3.6705348796696365E+06,  9.7235094656690694E+06, -3.6705341339278352E+06,  9.7235089606878720E+06
  3.3524474080399720E+01, -1.1346160395942567E+07,  1.9397912892816253E+07, -8.1482406859805658E+06,  1.8390040942837015E+07, -8.0173209102534717E+06,  1.8297667013404299E+07, -8.0085060886176713E+06,  1.8291239109326072E+07, -8.0080434838611353E+06,  1.8290909621605773E+07, -8.0080248697240949E+06,  1.8290896637882791E+07, -8.0080242454126365E+06,  1.8290896207900479E+07
  3.3633658277719732E+01, -1.3368249434782652E+07,  2.5593426114209332E+07, -1.0591049680558177E+07,  2.4833618366971113E+07, -1.0499886977199165E+07,  2.4767044026629619E+07, -1.0493748507410647E+07,  2.4762345141538575E+07, -1.0493419430526050E+07,  2.4762101672369525E+07, -1.0493406086547490E+07,  2.4762092060712099E+07, -1.0493405636020148E+07,  2.4762091741673648E+07
  3.3742842475039737E+01, -1.2919427949459020E+07,  2.8861502523065649E+07, -1.0645369672652667E+07,  2.8402082810418390E+07, -1.0601487104617823E+07,  2.8367022795013882E+07, -1.0598560508487176E+07,  2.8364448519218184E+07, -1.0598392770712119E+07,  2.8364311220683619E+07, -1.0598385815376334E+07,  2.8364305779082030E+07, -1.0598385576288246E+07,  2.8364305597555995E+07
  3.3852026672359749E+01, -9.8171650736754425E+06,  2.8736405782471217E+07, -8.0870047807869092E+06,  2.8603057251663994E+07, -8.0938061696551032E+06,  2.8602525023096666E+07, -8.0943527124998719E+06,  2.8602291412275411E+07, -8.0943604888127968E+06,  2.8602271509995881E+07, -8.0943605005735867E+06,  2.8602270684713706E+07, -8.0943604926809780E+06,  2.8602270655638073E+07
  3.3961210869679761E+01, -4.2252223217818961E+06,  2.5084224620645404E+07, -3.0348557155562826E+06,  2.5273473537470572E+07, -3.0912942807342187E+06,  2.5307509576553479E+07, -3.0952775477164835E+06,  2.5309634528651357E+07, -3.0954601590685435E+06,  2.5309733373378485E+07, -3.0954671272212751E+06,  2.5309737221306819E+07, -3.0954673507108204E+06,  2.5309737346728332E+07
  3.4070395066999765E+01,  3.3422820190345943E+06,  1.8121625133953195E+07,  4.0409982917698622E+06,  1.8600910052516803E+07,  3.9403619354820028E+06,  1.8666566861232907E+07,  3.9332738474990577E+06,  1.8670868442287497E+07,  3.9329318822057545E+06,  1.8671077403217297E+07,  3.9329185563228354E+06,  1.8671085587452475E+07,  3.9329181208323017E+06,  1.8671085856367067E+07
  3.4179579264319777E+01,  1.2052889295666873E+07,  8.4025511678744964E+06,  1.2347342399776332E+07,  9.1128870030297954E+06,  1.2211896173389353E+07,  9.2044726618053056E+06,  1.2202302995741166E+07,  9.2105845321236458E+06,  1.2201830642089002E+07,  9.2108857407888789E+06,  1.2201812093677603E+07,  9.2108975597964767E+06,  1.2201811483461849E+07,  9.2108979491039775E+06
  3.4288763461639789E+01,  2.0821741680918999E+07, -3.2262032316004559E+06,  2.0830189686269522E+07, -2.3651840011471212E+06,  2.0672476772331081E+07, -2.2556241972785722E+06,  2.0661195277977310E+07, -2.2482215738234650E+06,  2.0660632515688613E+07, -2.2478536931315083E+06,  2.0660610319279082E+07, -2.2478392452827562E+06,  2.0660609586308077E+07, -2.2478387687921859E+06
  3.4397947658959794E+01,  2.8406112559273157E+07, -1.5696863850332584E+07,  2.8266448473944981E+07, -1.4779919682228781E+07,  2.8101092163473200E+07, -1.4661924563221227E+07,  2.8089086590137072E+07, -1.4653859599662475E+07,  2.8088481001712129E+07, -1.4653456144384645E+07,  2.8088457036508046E+07, -1.4653440291899096E+07,  2.8088456242993448E+07, -1.4653439768697767E+07
  3.4507131856279806E+01,  3.3520456069063190E+07, -2.7813853765732624E+07,  3.3377081266522270E+07, -2.6941791731923752E+07,  3.3219519958569217E+07, -2.6825666682839494E+07,  3.3207819600250524E+07, -2.6817623038304560E+07,  3.3207222311109565E+07, -2.6817217974547014E+07,  3.3207198600447636E+07, -2.6817202055285327E+07,  3.3207197813520890E+07, -2.6817201529644687E+07
  3.4616316053599817E+01,  3.4961862489590541E+07, -3.8360219692572512E+07,  3.4951816246046916E+07, -3.7630922975871183E+07,  3.4816957435409531E+07, -3.7526853641147822E+07,  3.4806568471564330E+07, -3.7519511877306655E+07,  3.4806029789829560E+07, -3.7519139146710217E+07,  3.4806008328530371E+07, -3.7519124498057663E+07,  3.4806007614508182E+07, -3.7519124014266297E+07
  3.4725500250919822E+01,  3.1734640736514103E+07, -4.6208020374802701E+07,  3.1974207783857457E+07, -4.5707625291600116E+07,  3.1875117310867973E+07, -4.5624798771137238E+07,  3.1866936445473455E+07, -4.5618778298812717E+07,  3.1866501575220171E+07, -4.5618468933263056E+07,  3.1866484159636099E+07, -4.5618456778269753E+07,  3.1866483578365482E+07, -4.5618456376857199E+07
  3.4834684448239834E+01,  2.3162572473105192E+07, -5.0422966216771320E+07,  2.3735559646900967E+07, -5.0217960163374752E+07,  2.3682299897183619E+07, -5.0163769393172257E+07,  2.3677037231552973E+07, -5.0159575686368324E+07,  2.3676742426920619E+07, -5.0159355177560955E+07,  2.3676730502246335E+07, -5.0159346521108791E+07,  2.3676730102014028E+07, -5.0159346235398978E+07
  3.4943868645559839E+01,  8.9782192779020369E+06, -5.0354019417318583E+07,  9.9269577144276835E+06, -5.0484955984722435E+07,  9.9256760509212688E+06, -5.0464355951338179E+07,  9.9237938269818015E+06, -5.0462337552520633E+07,  9.9236633165282942E+06, -5.0462223701288015E+07,  9.9236578544456512E+06, -5.0462219245168850E+07,  9.9236576678878106E+06, -5.0462219098458193E+07
  3.5053052842879850E+01, -1.0619548384418231E+07, -4.5699894696096882E+07, -9.2996462736915126E+06, -4.6177286508572131E+07, -9.2472987376162261E+06, -4.6192357986515850E+07, -9.2456262453447320E+06, -4.6192676984824374E+07, -9.2455823009667322E+06, -4.6192678413719282E+07, -9.2455808838530146E+06, -4.6192678497875407E+07, -9.2455808424911164E+06, -4.6192678501476780E+07
  3.5162237040199862E+01, -3.4946040496644333E+07, -3.6546338772622317E+07, -3.3307840635718092E+07, -3.7349103920519970E+07, -3.3204907946098357E+07, -3.7398862656413242E+07, -3.3199809924720258E+07, -3.7401481162073448E+07, -3.3199596267577760E+07, -3.7401596617553852E+07, -3.3199588143570572E+07, -3.7401601192476541E+07, -3.3199587879591703E+07, -3.7401601344795682E+07
  3.5271421237519867E+01, -6.2852317669675522E+07, -2.3370547153010052E+07, -6.0994060206284732E+07, -2.4447167197758328E+07, -6.0848078867577508E+07, -2.4527635420385998E+07, -6.0839977493092887E+07, -2.4532319183615692E+07, -6.0839613324917443E+07, -2.4532537686212573E+07, -6.0839599238489188E+07, -2.4532546318811681E+07, -6.0839598776220940E+07, -2.4532546605533697E+07
  3.5380605434839879E+01, -9.2787410529639840E+07, -7.0118872902625222E+06, -9.0845727940259829E+07, -8.2842023997037932E+06, -9.0668137736472979E+07, -8.3887370196160972E+06, -9.0657712610182881E+07, -8.3950758690869305E+06, -9.0657229910913408E+07, -8.3953776970128398E+06, -9.0657211112913251E+07, -8.3953896093902197E+06, -9.0657210493552327E+07, -8.3953900047579110E+06
  3.5489789632159884E+01, -1.2289724496799791E+08,  1.1389003459090017E+07, -1.2103664102591473E+08,  1.0019663667657129E+07, -1.2084185770996390E+08,  9.8998138555863164E+06, -1.2082998823485899E+08,  9.8923705244119205E+06, -1.2082942898862889E+08,  9.8920121043673493E+06, -1.2082940712716553E+08,  9.8919979666360430E+06, -1.2082940640517738E+08,  9.8919974975635149E+06
  3.5598973829479895E+01, -1.5115310339640653E+08,  3.0477938042305920E+07, -1.4955274043127677E+08,  2.9122791380318355E+07, -1.4935696777118137E+08,  2.8997746866324499E+07, -1.4934465839415830E+08,  2.8989842614639886E+07, -1.4934407096235171E+08,  2.8989459019216675E+07, -1.4934404793980196E+08,  2.8989443895221613E+07, -1.4934404717818785E+08,  2.8989443393525820E+07
  3.5708158026799907E+01, -1.7549979106007570E+08,  4.8794569576311275E+07, -1.7433867109656498E+08,  4.7568248921627358E+07, -1.7415855232885563E+08,  4.7448642029730782E+07, -1.7414684704681596E+08,  4.7440958000384115E+07, -1.7414628200093257E+08,  4.7440582606396303E+07, -1.7414625980943006E+08,  4.7440567812405325E+07, -1.7414625907427067E+08,  4.7440567321745031E+07
  3.5817342224119912E+01, -1.9401181434850413E+08,  6.4890560908057481E+07, -1.9345358654033384E+08,  6.3901579044468150E+07, -1.9330480931511632E+08,  6.3797651098134890E+07, -1.9329470276578167E+08,  6.3790847507819951E+07, -1.9329420853901741E+08,  6.3790512768334955E+07, -1.9329418908861426E+08,  6.3790499583964162E+07, -1.9329418844336113E+08,  6.3790499146798745E+07
  3.5926526421439924E+01, -2.0504498147417238E+08,  7.7448654237215161E+07, -2.0522365082162267E+08,  7.6790270534423918E+07, -2.0511962401417708E+08,  7.6711000824131519E+07, -2.0511197676640424E+08,  7.6705660354002804E+07, -2.0511159549811208E+08,  7.6705395002835289E+07, -2.0511158045242205E+08,  7.6705384560698658E+07, -2.0511157995242909E+08,  7.6705384214624554E+07
  3.6035710618759936E+01, -2.0737098988701606E+08,  8.5392610862756193E+07, -2.0837873651852536E+08,  8.5134874006234616E+07, -2.0832945144911635E+08,  8.5087215066411078E+07, -2.0832491674731666E+08,  8.5083793014963478E+07, -2.0832468067755941E+08,  8.5083619600217044E+07, -2.0832467131103075E+08,  8.5083612788563803E+07, -2.0832467099879685E+08,  8.5083612563079536E+07
  3.6144894816079940E+01, -2.0028376519862336E+08,  8.7978695897281379E+07, -2.0216191475262272E+08,  8.8162340288764179E+07, -2.0217308788847187E+08,  8.8150624917818189E+07, -2.0217205612239400E+08,  8.8149410394060418E+07, -2.0217198484611243E+08,  8.8149343352773309E+07, -2.0217198193520024E+08,  8.8149340739490151E+07, -2.0217198183673191E+08,  8.8149340653468639E+07
  3.6254079013399952E+01, -1.8366846988215953E+08,  8.4860885085238233E+07, -1.8640239781402043E+08,  8.5493603930137366E+07, -1.8647496824172401E+08,  8.5519174695631251E+07, -1.8647753389092374E+08,  8.5520266176937491E+07, -1.8647763270693502E+08,  8.5520310615963191E+07, -1.8647763646450824E+08,  8.5520312400466591E+07, -1.8647763658711568E+08,  8.5520312460551813E+07
  3.6363263210719964E+01, -1.5802703175489029E+08,  7.6124144618750811E+07, -1.6154545942015344E+08,  7.7179563222762793E+07, -1.6167548430449045E+08,  7.7240656145727456E+07, -1.6168143817717531E+08,  7.7243953485510617E+07, -1.6168169767270327E+08,  7.7244104772644922E+07, -1.6168170773128575E+08,  7.7244110769775018E+07, -1.6168170806299961E+08,  7.7244110969840214E+07
  3.6472447408039969E+01, -1.2445751053761242E+08,  6.2282796283276163E+07, -1.2863628615407933E+08,  6.3702241682763442E+07, -1.2881524361182357E+08,  6.3794134026882842E+07, -1.2882409102638967E+08,  6.3799347579204232E+07, -1.2882448793125391E+08,  6.3799591778530724E+07, -1.2882450337648013E+08,  6.3799601435791880E+07, -1.2882450388713823E+08,  6.3799601757504910E+07
  3.6581631605359981E+01, -8.4588337454635575E+07,  4.4243903557290822E+07, -8.9258421444949985E+07,  4.5940830696586266E+07, -8.9473895651290238E+07,  4.6056240169555455E+07, -8.9484898982486546E+07,  4.6062916223142087E+07, -8.9485398217628092E+07,  4.6063231335652240E+07, -8.9485417668962881E+07,  4.6063243782265201E+07, -8.9485418312870517E+07,  4.6063244196710736E+07
  3.6690815802679985E+01, -4.0472117674996488E+07,  2.3238550883604713E+07, -4.5431141150973871E+07,  2.5105261258841868E+07, -4.5667832024103090E+07,  2.5234962407719128E+07, -4.5680073945810750E+07,  2.5242522717619304E+07, -4.5680631687939085E+07,  2.5242880618656497E+07, -4.5680653419631749E+07,  2.5242894742140412E+07, -4.5680654139564596E+07,  2.5242895212357633E+07
  3.6799999999999997E+01,  5.5530275266912729E+06,  7.2658823003534973E+05,  5.2656046672333404E+05,  2.6426833900811411E+06,  2.8558821082108840E+05,  2.7762883888726905E+06,  2.7312622805926949E+05,  2.7840803810639754E+06,  2.7255873138919845E+05,  2.7844492860368304E+06,  2.7253663961291686E+05,  2.7844638296634033E+06,  2.7253590741102770E+05,  2.7844643138790801E+06
  3.6909184197320009E+01,  5.1023958323771037E+07, -2.1717353754751742E+07,  4.6154973936048150E+07, -1.9875487704958834E+07,  4.5926907843906015E+07, -1.9748650723136082E+07,  4.5915258527787060E+07, -1.9741297416054577E+07,  4.5914730722885467E+07, -1.9740950171767265E+07,  4.5914710218451902E+07, -1.9740936499103434E+07,  4.5914709538709305E+07, -1.9740936043827347E+07
  3.7018368394640014E+01,  9.3522454627226591E+07, -4.2527196538936615E+07,  8.9023391431573555E+07, -4.0876663774005577E+07,  8.8824271240639701E+07, -4.0766649990685336E+07,  8.8814393476306230E+07, -4.0760365547119297E+07,  8.8813951214086905E+07, -4.0760070655168012E+07,  8.8813934102015600E+07, -4.0760059066189632E+07,  8.8813933534792557E+07, -4.0760058680209450E+07
  3.7127552591960026E+01,  1.3084143224694815E+08, -6.0267928231024273E+07,  1.2689739082704993E+08, -5.8910167088395499E+07,  1.2674080931292580E+08, -5.8825568878458276E+07,  1.2673350662031212E+08, -5.8820888864434771E+07,  1.2673318818372388E+08, -5.8820672364690505E+07,  1.2673317596955565E+08, -5.8820663887859836E+07,  1.2673317556501204E+08, -5.8820663605429515E+07
  3.7236736789280030E+01,  1.6113458861418000E+08, -7.3747207003414124E+07,  1.5789074663119623E+08, -7.2760163254990429E+07,  1.5778676064735487E+08, -7.2707390907368094E+07,  1.5778261316296384E+08, -7.2704710107500896E+07,  1.5778244595423198E+08, -7.2704591115557969E+07,  1.5778243971303439E+08, -7.2704586505255550E+07,  1.5778243950705826E+08, -7.2704586351536870E+07
  3.7345920986600042E+01,  1.8303799589405501E+08, -8.2106885738870978E+07,  1.8059029316709250E+08, -8.1539161754105464E+07,  1.8054463605798227E+08, -8.1521912311577603E+07,  1.8054395183944464E+08, -8.1521450794716284E+07,  1.8054395001310515E+08, -8.1521439832614213E+07,  1.8054395029588935E+08, -8.1521439503158316E+07,  1.8054395030696440E+08, -8.1521439492020637E+07
  3.7455105183920054E+01,  1.9575446172018290E+08, -8.4886988002386257E+07,  1.9414428377396542E+08, -8.4754445778570548E+07,  1.9415794449195775E+08, -8.4773405060992986E+07,  1.9416073429616731E+08, -8.4775189402893722E+07,  1.9416089754208425E+08, -8.4775287477749065E+07,  1.9416090432773155E+08, -8.4775291466977537E+07,  1.9416090455531558E+08, -8.4775291599778250E+07
  3.7564289381240059E+01,  1.9909452250556916E+08, -8.2056990845554784E+07,  1.9830777416992679E+08, -8.2342078116271302E+07,  1.9837697704080552E+08, -8.2394880922815710E+07,  1.9838295470299259E+08, -8.2398742198485151E+07,  1.9838326828415918E+08, -8.2398940709010661E+07,  1.9838328098102278E+08, -8.2398948674590752E+07,  1.9838328140557721E+08, -8.2398948940042228E+07
  3.7673473578560071E+01,  1.9347146529255539E+08, -7.4012024523910418E+07,  1.9344205749407178E+08, -7.4665862037116066E+07,  1.9355864235034880E+08, -7.4747313326188907E+07,  1.9356725068648058E+08, -7.4752902036133289E+07,  1.9356768672798890E+08, -7.4753183515395835E+07,  1.9356770422504109E+08, -7.4753194764197037E+07,  1.9356770480971053E+08, -7.4753195139332160E+07
  3.7782657775880082E+01,  1.7985149509090966E+08, -6.1534548065517768E+07,  1.8046889928590146E+08, -6.2481582425150961E+07,  1.8062106755921143E+08, -6.2584119855815545E+07,  1.8063152751749736E+08, -6.2590936488177776E+07,  1.8063204743496871E+08, -6.2591276118589558E+07,  1.8063206819808370E+08, -6.2591289666594326E+07,  1.8063206889187980E+08, -6.2591290118747927E+07
  3.7891841973200087E+01,  1.5966376425329676E+08, -4.5724951597271666E+07,  1.6078395135324615E+08, -4.6869761758912407E+07,  1.6095731261230722E+08, -4.6984119272964135E+07,  1.6096869140045655E+08, -4.6991557853530407E+07,  1.6096924925778133E+08, -4.6991925623223931E+07,  1.6096927146283740E+08, -4.6991940280809477E+07,  1.6096927220505407E+08, -4.6991940770444520E+07
  3.8001026170520099E+01,  1.3467815869657019E+08, -2.7907125473961025E+07,  1.3613696144708267E+08, -2.9142790529725187E+07,  1.3631578944946417E+08, -2.9258805439105660E+07,  1.3632708173474234E+08, -2.9266206299805768E+07,  1.3632762824066806E+08, -2.9266569613982849E+07,  1.3632764993197134E+08, -2.9266584089208908E+07,  1.3632765065744841E+08, -2.9266584573343828E+07
  3.8110210367840111E+01,  1.0686122959795982E+08, -9.5171029192181006E+06,  1.0848897263312490E+08, -1.0734409552474387E+07,  1.0865756239919600E+08, -1.0841903351238459E+07,  1.0866777755842708E+08, -1.0848610551734909E+07,  1.0866826435629040E+08, -1.0848937073098689E+07,  1.0866828361662436E+08, -1.0848950084074475E+07,  1.0866828426140666E+08, -1.0848950520015776E+07
  3.8219394565160115E+01,  7.8222264586764991E+07,  8.0157474854697287E+06,  7.9858411062845379E+07,  6.9190466121224388E+06,  8.0002420272879556E+07,  6.8293897182215825E+06,  8.0010668155562237E+07,  6.8239712833279893E+06,  8.0011052035044253E+07,  6.8237108109373674E+06,  8.0011067152639672E+07,  6.8237004243258238E+06,  8.0011067659541011E+07,  6.8237000752688944E+06
  3.8328578762480127E+01,  5.0662081686297372E+07,  2.3384945115056306E+07,  5.2168657217574418E+07,  2.2495610168624289E+07,  5.2276317066379987E+07,  2.2431442697121859E+07,  5.2281884870026298E+07,  2.2427795446364038E+07,  5.2282131536422677E+07,  2.2427624635774426E+07,  5.2282141154396549E+07,  2.2427617810450070E+07,  5.2282141477988154E+07,  2.2427617579589389E+07
  3.8437762959800132E+01,  2.5836661467053134E+07,  3.5510800527558208E+07,  2.7109333557365220E+07,  3.4893040548214972E+07,  2.7172425899009820E+07,  3.4859697978819340E+07,  2.7174839529671684E+07,  3.4858149535153568E+07,  2.7174926604238242E+07,  3.4858084277391784E+07,  2.7174929839555208E+07,  3.4858081644776233E+07,  2.7174929950146191E+07,  3.4858081553300381E+07
  3.8546947157120144E+01,  5.0462571797319762E+06,  4.3623389032548502E+07,  6.0221609254825637E+06,  4.3313845706578538E+07,  6.0366790792048946E+06,  4.3313895596426874E+07,  6.0357437149622031E+06,  4.3314590069369704E+07,  6.0356627061514333E+06,  4.3314637119637743E+07,  6.0356592277813815E+06,  4.3314638949595980E+07,  6.0356591140458472E+06,  4.3314639006695218E+07
  3.8656131354440156E+01, -1.0841726394797847E+07,  4.7317839719914474E+07, -1.0180036532529213E+07,  4.7323029687316768E+07, -1.0213598349345658E+07,  4.7356062148351505E+07, -1.0217781974543266E+07,  4.7358947299338780E+07, -1.0218024900410637E+07,  4.7359103650959820E+07, -1.0218034840950623E+07,  4.7359109826891907E+07, -1.0218035170928642E+07,  4.7359110028916091E+07
  3.8765315551760160E+01, -2.1430808897529230E+07,  4.6577606406960674E+07, -2.1055561174637381E+07,  4.6874018669660389E+07, -2.1132312558967322E+07,  4.6936695806143612E+07, -2.1139357534590140E+07,  4.6941527218852535E+07, -2.1139742051113557E+07,  4.6941780320810862E+07, -2.1139757639541436E+07,  4.6941790348099671E+07, -2.1139758158898041E+07,  4.6941790678823747E+07
  3.8874499749080172E+01, -2.6792604618446499E+07,  4.1764165014907748E+07, -2.6635083841561120E+07,  4.2300979761861689E+07, -2.6746225695412345E+07,  4.2387339279921398E+07, -2.6755493142713144E+07,  4.2393701189426795E+07, -2.6755986488089725E+07,  4.2394029990369909E+07, -2.6756006415834099E+07,  4.2394043037519135E+07, -2.6756007081178691E+07,  4.2394043469494916E+07
  3.8983683946400177E+01, -2.7424748032643825E+07,  3.3574476629088700E+07, -2.7383206567958023E+07,  3.4278645417648368E+07, -2.7516856928931832E+07,  3.4380631665244482E+07, -2.7527512059612222E+07,  3.4387972661314406E+07, -2.7528071840696264E+07,  3.4388349391543061E+07, -2.7528094416231707E+07,  3.4388364360518634E+07, -2.7528095171331696E+07,  3.4388364857398465E+07
  3.9092868143720189E+01, -2.4174559759894654E+07,  2.2970317521924131E+07, -2.4125018590358920E+07,  2.3753541762856681E+07, -2.4267303213305358E+07,  2.3861717830633067E+07, -2.4278388372781884E+07,  2.3869398365244672E+07, -2.4278966207746811E+07,  2.3869790904437762E+07, -2.4278989501253828E+07,  2.3869806524204213E+07, -2.4278990281835541E+07,  2.3869807043837924E+07
  3.9202052341040201E+01, -1.8136280674246624E+07,  1.1085969413259700E+07, -1.7945227597173940E+07,  1.1852951960205972E+07, -1.8081538978527181E+07,  1.1957330863185167E+07, -1.8092057341630030E+07,  1.1964678471301757E+07, -1.8092603027889017E+07,  1.1965053099010214E+07, -1.8092625036819994E+07,  1.1965068034246415E+07, -1.8092625776073832E+07,  1.1965068532285869E+07
  3.9311236538360205E+01, -1.0531822512020502E+07, -8.7741958862616122E+05, -1.0069656556692090E+07, -2.2018233998066187E+05, -1.0185970757330013E+07, -1.2925962807600945E+05, -1.0194973424704671E+07, -1.2289215417916328E+05, -1.0195439273152923E+07, -1.2256786150604486E+05, -1.0195458094470603E+07, -1.2255489584522694E+05, -1.0195458728787629E+07, -1.2255446214297414E+05
  3.9420420735680217E+01, -2.5862054499702370E+06, -1.1761405273349911E+07, -1.7402197075542323E+06, -1.1297066859605066E+07, -1.8243556057194117E+06, -1.1228082751272216E+07, -1.8310245558116445E+06, -1.1223261252550442E+07, -1.8313695177706825E+06, -1.1223015627193179E+07, -1.8313835120354546E+06, -1.1223005755317852E+07, -1.8313839864819860E+06, -1.1223005423416145E+07
  3.9529604933000229E+01,  4.5909207792676426E+06, -2.0554083957808990E+07,  5.9051769110261723E+06, -2.0347878939204309E+07,  5.8624660214161687E+06, -2.0307393604841638E+07,  5.8587463118484095E+06, -2.0304553355519846E+07,  5.8585530810977928E+06, -2.0304408187461186E+07,  5.8585451479298174E+06, -2.0304402275706813E+07,  5.8585448748707771E+06, -2.0304402074559547E+07
  3.9638789130320234E+01,  1.0107056050133917E+07, -2.6479104841848422E+07,  1.1937044290103614E+07, -2.6572430206891045E+07,  1.1941242016534008E+07, -2.6564503673157770E+07,  1.1940830491807085E+07, -2.6563911343425438E+07,  1.1940806940814950E+07, -2.6563879984130226E+07,  1.1940805790116861E+07, -2.6563878565801948E+07,  1.1940805742946468E+07, -2.6563878513346784E+07
  3.9747973327640246E+01,  1.3363022780606113E+07, -2.9062130237715956E+07,  1.5713884465086997E+07, -2.9468793027756546E+07,  1.5766217737532683E+07, -2.9494625165211122E+07,  1.5769184915937066E+07, -2.9496355241385117E+07,  1.5769334509352781E+07, -2.9496441426398903E+07,  1.5769340286350824E+07, -2.9496444654992826E+07,  1.5769340470407922E+07, -2.9496444756583817E+07
  3.9857157524960257E+01,  1.4097107331419792E+07, -2.8169046399131663E+07,  1.6930199905653059E+07, -2.8874002053685442E+07,  1.7027523373726863E+07, -2.8931821744866326E+07,  1.7033644507189997E+07, -2.8935749459027115E+07,  1.7033955880778652E+07, -2.8935946951801721E+07,  1.7033968140392471E+07, -2.8935954586663399E+07,  1.7033968541346259E+07, -2.8935954834578760E+07
  3.9966341722280262E+01,  1.2393772878412992E+07, -2.4012747786114629E+07,  1.5629196672047749E+07, -2.4973434362553976E+07,  1.5764264931917850E+07, -2.5058647565492332E+07,  1.5773038785359908E+07, -2.5064458966277599E+07,  1.5773486675184652E+07, -2.5064752055170737E+07,  1.5773504418465674E+07, -2.5064763480868515E+07,  1.5773505003493078E+07, -2.5064763854937207E+07
  4.0075525919600274E+01,  8.6568509593124390E+06, -1.7128106847747177E+07,  1.2179733945145655E+07, -1.8278252061103925E+07,  1.2341837591568232E+07, -1.8383836065030094E+07,  1.2352529240912989E+07, -1.8391054385695782E+07,  1.2353076608479768E+07, -1.8391419192831263E+07,  1.2353098366581097E+07, -1.8391433470626969E+07,  1.2353099087129463E+07, -1.8391433939921662E+07
  4.0184710116920279E+01,  3.5504045941218399E+06, -8.3175563860159107E+06,  7.2203792438531071E+06, -9.5731171816027984E+06,  7.3962889780146740E+06, -9.6902270267255940E+06,  7.4079929491640739E+06, -9.6982531028104685E+06,  7.4085941213686094E+06, -9.6986595937261134E+06,  7.4086180798930712E+06, -9.6986755407685153E+06,  7.4086188757927977E+06, -9.6986760662206113E+06
